id,symbol,name,image,current_price,market_cap,market_cap_rank,fully_diluted_valuation,total_volume,high_24h,low_24h,price_change_24h,price_change_percentage_24h,market_cap_change_24h,market_cap_change_percentage_24h,circulating_supply,total_supply,max_supply,ath,ath_change_percentage,ath_date,atl,atl_change_percentage,atl_date,roi,last_updated,roi_times,roi_currency,roi_percentage
bitcoin,btc,Bitcoin,https://coin-images.coingecko.com/coins/images/1/large/bitcoin.png?1696501400,59052.0,1166273679925,1,1240234911708,28521906006,59404.0,58754.0,277.69,0.47247,7241384819.0,0.62478,19747668.0,21000000.0,21000000.0,73738.0,-19.95078,2024-03-14T07:10:36.635Z,67.81,86948.39508,2013-07-06T00:00:00.000Z,,2024-08-31T18:15:40.195Z,,,
ethereum,eth,Ethereum,https://coin-images.coingecko.com/coins/images/279/large/ethereum.png?1696501628,2504.9,301516201397,2,301516201397,8084706310,2540.32,2476.46,28.44,1.14846,4355919240.0,1.46585,120303365.022099,120303365.022099,,4878.26,-48.65368,2021-11-10T14:24:19.604Z,0.432979,578405.67243,2015-10-20T00:00:00.000Z,,2024-08-31T18:15:39.510Z,55.710836725508386,btc,5571.083672550838
tether,usdt,Tether,https://coin-images.coingecko.com/coins/images/325/large/Tether.png?1696501661,0.999614,118174439217,3,118174439217,22438935479,1.003,0.998474,-0.001217810942633624,-0.12168,-38105661.08528137,-0.03223,118228802316.488,118228802316.488,,1.32,-24.32446,2018-07-24T00:00:00.000Z,0.572521,74.88608,2015-03-02T00:00:00.000Z,,2024-08-31T18:15:32.681Z,,,
binancecoin,bnb,BNB,https://coin-images.coingecko.com/coins/images/825/large/bnb-icon2_2x.png?1696501970,534.61,77997906572,4,77997906572,426394347,541.16,531.18,3.43,0.64481,502314442.0,0.64818,145887575.79,145887575.79,200000000.0,717.48,-25.54584,2024-06-06T14:10:59.816Z,0.0398177,1341490.07439,2017-10-19T00:00:00.000Z,,2024-08-31T18:15:36.592Z,,,
solana,sol,Solana,https://coin-images.coingecko.com/coins/images/4128/large/solana.png?1718769756,136.09,63479182856,5,79409159492,1592521604,138.86,134.94,1.15,0.85237,621162844.0,0.9882,466456641.805162,583513022.673528,,259.96,-47.74099,2021-11-06T21:54:35.825Z,0.500801,27026.9601,2020-05-11T19:35:23.449Z,,2024-08-31T18:15:32.893Z,,,
usd-coin,usdc,USDC,https://coin-images.coingecko.com/coins/images/6319/large/usdc.png?1696506694,0.999903,34716485967,6,34717298948,2866207463,1.004,0.998657,-0.000526143340854435,-0.05259,39245521.0,0.11317,34724865877.9967,34725679055.9211,,1.17,-14.65689,2019-05-08T00:40:28.300Z,0.877647,14.03495,2023-03-11T08:02:13.981Z,,2024-08-31T18:15:35.565Z,,,
ripple,xrp,XRP,https://coin-images.coingecko.com/coins/images/44/large/xrp-symbol-white-128.png?1696501442,0.565579,31815388690,7,56551935105,516052684,0.571652,0.557733,0.00784607,1.40678,467788982.0,1.49226,56251561168.0,99987294444.0,100000000000.0,3.4,-83.36278,2018-01-07T00:00:00.000Z,0.00268621,20948.55779,2014-05-22T00:00:00.000Z,,2024-08-31T18:15:31.936Z,,,
staked-ether,steth,Lido Staked Ether,https://coin-images.coingecko.com/coins/images/13442/large/steth_logo.png?1696513206,2503.4,24536208556,8,24536208556,21546250,2537.13,2478.76,24.64,0.99402,393931683.0,1.63171,9800008.0414852,9800008.0414852,,4829.57,-48.17487,2021-11-10T14:40:47.256Z,482.9,418.31656,2020-12-22T04:08:21.854Z,,2024-08-31T18:15:32.439Z,,,
dogecoin,doge,Dogecoin,https://coin-images.coingecko.com/coins/images/5/large/dogecoin.png?1696501409,0.101764,14827877846,9,14828635735,438639743,0.102217,0.099435,0.00232825,2.34148,354758966.0,2.45116,145757076383.705,145764526383.705,,0.731578,-86.15483,2021-05-08T05:08:23.458Z,8.69e-05,116452.22079,2015-05-06T00:00:00.000Z,,2024-08-31T18:15:28.157Z,,,
the-open-network,ton,Toncoin,https://coin-images.coingecko.com/coins/images/17980/large/img-ton.jpg?1724681212,5.4,13703666601,10,27631423893,279652266,5.41,5.28,0.091699,1.72729,289847765.0,2.16081,2534887274.58804,5111226567.65782,,8.25,-34.51081,2024-06-15T00:36:51.509Z,0.519364,940.73873,2021-09-21T00:33:11.092Z,,2024-08-31T18:15:32.825Z,,,
tron,trx,TRON,https://coin-images.coingecko.com/coins/images/1094/large/tron-logo.png?1696502193,0.157788,13691523122,11,13691563869,491017891,0.16073,0.156648,-0.002256244465456775,-1.40976,-187439665.8810501,-1.35053,86776941083.1369,86777199332.6688,,0.231673,-31.88268,2018-01-05T00:00:00.000Z,0.00180434,8646.08671,2017-11-12T00:00:00.000Z,,2024-08-31T18:15:34.561Z,82.04657574233984,usd,8204.657574233985
cardano,ada,Cardano,https://coin-images.coingecko.com/coins/images/975/large/cardano.png?1696502090,0.347675,12391268746,12,15642515299,185041452,0.350259,0.343664,0.00401039,1.16695,155699096.0,1.27251,35646894561.6753,45000000000.0,45000000000.0,3.09,-88.74908,2021-09-02T06:00:10.474Z,0.01925275,1703.92911,2020-03-13T02:22:55.044Z,,2024-08-31T18:15:40.895Z,,,
wrapped-steth,wsteth,Wrapped stETH,https://coin-images.coingecko.com/coins/images/18834/large/wstETH.png?1696518295,2949.81,10329691004,13,10329691004,58700819,2981.19,2910.89,38.92,1.337,169318284.0,1.66646,3504639.94393507,3504639.94393507,,7256.02,-59.39158,2022-05-13T15:09:54.509Z,558.54,427.54586,2022-05-13T01:36:45.053Z,,2024-08-31T18:15:33.809Z,,,
avalanche-2,avax,Avalanche,https://coin-images.coingecko.com/coins/images/12559/large/Avalanche_Circle_RedWhite_Trans.png?1696512369,22.65,9171129072,14,10077147612,180582028,23.35,22.57,-0.20691315428336665,-0.90518,-84376719.3073616,-0.91164,404927013.04144,444929871.849049,720000000.0,144.96,-84.41089,2021-11-21T14:18:56.538Z,2.8,706.77037,2020-12-31T13:15:21.540Z,,2024-08-31T18:15:34.136Z,,,
wrapped-bitcoin,wbtc,Wrapped Bitcoin,https://coin-images.coingecko.com/coins/images/7598/large/wrapped_bitcoin_wbtc.png?1696507857,59001.0,9045062079,15,9045062079,89909959,59376.0,58602.0,236.55,0.40254,57068704.0,0.63494,153304.87275447,153304.87275447,153304.87275447,73505.0,-19.89184,2024-03-14T07:10:23.403Z,3139.17,1775.77738,2019-04-02T00:00:00.000Z,,2024-08-31T18:15:35.086Z,,,
shiba-inu,shib,Shiba Inu,https://coin-images.coingecko.com/coins/images/11939/large/shiba.png?1696511800,1.382e-05,8134034096,16,13803539723,193578639,1.407e-05,1.373e-05,1.9409e-08,0.14067,18633830.0,0.22961,589261208191684.6,999982345555359.0,,8.616e-05,-83.97859,2021-10-28T03:54:55.568Z,5.6366e-11,24489413.27558,2020-11-28T11:26:25.838Z,,2024-08-31T18:15:32.965Z,,,
weth,weth,WETH,https://coin-images.coingecko.com/coins/images/2518/large/weth.png?1696503332,2505.08,7301333693,17,7301333693,386451871,2534.44,2475.01,30.07,1.21501,102790244.0,1.42793,2915739.67729949,2915739.67729949,,4799.89,-47.83411,2021-11-09T00:00:00.000Z,82.1,2949.69902,2018-12-15T00:00:00.000Z,,2024-08-31T18:15:34.622Z,,,
chainlink,link,Chainlink,https://coin-images.coingecko.com/coins/images/877/large/chainlink-new-logo.png?1696502009,11.04,6679995650,18,10985028721,192784920,11.2,10.85,0.188984,1.74229,108148413.0,1.64563,608099971.3083414,1000000000.0,1000000000.0,52.7,-79.13823,2021-05-10T00:13:57.214Z,0.148183,7318.81858,2017-11-29T00:00:00.000Z,,2024-08-31T18:15:40.115Z,,,
bitcoin-cash,bch,Bitcoin Cash,https://coin-images.coingecko.com/coins/images/780/large/bitcoin-cash-circle.png?1696501932,322.34,6367263057,19,6768722895,103558705,326.66,320.18,-0.3530916835326252,-0.10942,-7257461.752313614,-0.11385,19754468.6466508,21000000.0,21000000.0,3785.82,-91.51137,2017-12-20T00:00:00.000Z,76.93,317.70968,2018-12-16T00:00:00.000Z,,2024-08-31T18:15:36.557Z,,,
polkadot,dot,Polkadot,https://coin-images.coingecko.com/coins/images/12171/large/polkadot.png?1696512008,4.25,5968596686,20,6311969158,89785729,4.31,4.21,0.04174965,0.9913,54105834.0,0.9148,1406963848.17385,1487906267.21065,,54.98,-92.28403,2021-11-04T14:10:09.301Z,2.7,57.27088,2020-08-20T05:48:11.359Z,,2024-08-31T18:15:31.552Z,,,
leo-token,leo,LEO Token,https://coin-images.coingecko.com/coins/images/8418/large/leo-token.png?1696508607,5.81,5375993645,21,5722389290,392785,5.85,5.76,0.0004983,0.00858,6241575.0,0.11624,925599612.9,985239504.0,,8.14,-28.3245,2022-02-08T17:40:10.285Z,0.799859,629.00935,2019-12-24T15:14:35.376Z,,2024-08-31T18:15:39.633Z,,,
dai,dai,Dai,https://coin-images.coingecko.com/coins/images/9956/large/Badge_Dai.png?1696509996,0.999333,5340257703,22,5340257703,31443905,1.004,0.998263,-0.001127325361006126,-0.11268,-5140016.336064339,-0.09616,5346141275.83096,5346141275.83096,,1.22,-18.02893,2020-03-13T03:02:50.373Z,0.88196,13.28978,2023-03-11T07:50:50.514Z,,2024-08-31T18:15:38.302Z,,,
litecoin,ltc,Litecoin,https://coin-images.coingecko.com/coins/images/2/large/litecoin.png?1696501400,65.27,4890255374,23,5482758245,350406350,66.28,62.91,2.36,3.74543,181709683.0,3.85915,74922408.2334713,84000000.0,84000000.0,410.26,-84.10302,2021-05-10T03:13:07.904Z,1.15,5576.92636,2015-01-14T00:00:00.000Z,,2024-08-31T18:15:40.176Z,,,
uniswap,uni,Uniswap,https://coin-images.coingecko.com/coins/images/12504/large/uniswap-logo.png?1720676669,5.99,4505816758,24,5977734166,101602889,6.0,5.75,0.23593,4.10048,185742393.0,4.29952,753766667.0,1000000000.0,1000000000.0,44.92,-86.70693,2021-05-03T05:25:04.822Z,1.03,479.6114,2020-09-17T01:20:38.214Z,,2024-08-31T18:15:33.271Z,,,
near,near,NEAR Protocol,https://coin-images.coingecko.com/coins/images/10365/large/near.jpg?1696510367,4.04,4472698976,25,4779979419,156421009,4.16,3.99,-0.005105579055024735,-0.1262,1220613.0,0.0273,1107181322.94878,1183246170.6779,,20.44,-80.42212,2022-01-16T22:09:45.873Z,0.526762,659.61192,2020-11-04T16:09:15.137Z,,2024-08-31T18:15:30.756Z,,,
wrapped-eeth,weeth,Wrapped eETH,https://coin-images.coingecko.com/coins/images/33033/large/weETH.png?1701438396,2620.95,4069276219,26,4069276219,19937735,2654.32,2594.99,25.96,1.00037,59620304.0,1.48692,1552402.38558546,1552402.38558546,,4196.87,-37.48139,2024-03-13T08:29:59.938Z,2231.18,17.59837,2024-01-08T03:35:28.624Z,,2024-08-31T18:15:33.403Z,,,
kaspa,kas,Kaspa,https://coin-images.coingecko.com/coins/images/25751/large/kaspa-icon-exchanges.png?1696524837,0.164212,4038726856,27,4038931275,30922766,0.16781,0.163406,-0.000234891765239414,-0.14284,-527358.5565342903,-0.01306,24581759996.2244,24583004194.0968,28704026601.0,0.207411,-20.73607,2024-08-01T00:40:47.164Z,0.00017105,96013.72769,2022-05-26T14:42:59.316Z,,2024-08-31T18:15:40.966Z,,,
matic-network,matic,Polygon,https://coin-images.coingecko.com/coins/images/4713/large/polygon.png?1698233745,0.420493,3904400820,28,4205994351,178302331,0.426305,0.412176,0.00831663,2.01774,82970267.0,2.17118,9282943566.203985,10000000000.0,10000000000.0,2.92,-85.61132,2021-12-27T02:08:34.307Z,0.00314376,13247.44441,2019-05-10T00:00:00.000Z,,2024-08-31T18:15:41.717Z,158.88319902258442,usd,15888.319902258441
internet-computer,icp,Internet Computer,https://coin-images.coingecko.com/coins/images/14495/large/Internet_Computer_logo.png?1696514180,7.52,3531506794,29,3929859356,62336873,7.71,7.45,0.067082,0.89951,36672245.0,1.04933,469293014.509179,522229079.977274,,700.65,-98.93228,2021-05-10T16:05:53.653Z,2.87,161.11297,2023-09-22T00:29:57.369Z,,2024-08-31T18:15:39.547Z,,,
pepe,pepe,Pepe,https://coin-images.coingecko.com/coins/images/29850/large/pepe-token.jpeg?1696528776,7.59e-06,3194440690,30,3194440690,695772046,7.85e-06,7.54e-06,3.9489e-08,0.52276,20698286.0,0.65217,420690000000000.0,420690000000000.0,420690000000000.0,1.717e-05,-55.80835,2024-05-27T08:30:07.709Z,5.5142e-08,13657.13227,2023-04-18T02:14:41.591Z,,2024-08-31T18:15:31.300Z,,,
monero,xmr,Monero,https://coin-images.coingecko.com/coins/images/69/large/monero_logo.png?1696501460,170.57,3147655459,31,3147655459,88415205,172.2,161.76,4.87,2.93759,93010724.0,3.04489,18446744.0737096,18446744.0737096,,542.33,-68.32466,2018-01-09T00:00:00.000Z,0.216177,79364.39434,2015-01-14T00:00:00.000Z,,2024-08-31T18:15:40.281Z,,,
aptos,apt,Aptos,https://coin-images.coingecko.com/coins/images/26455/large/aptos_round.png?1696525528,6.47,3140645522,32,7201109461,148175603,6.86,6.4,-0.19023027240258195,-2.85577,-91835392.21972752,-2.84102,485701088.87257,1113652171.83422,,19.92,-67.6993,2023-01-26T14:25:17.390Z,3.08,108.92386,2022-12-29T21:35:14.796Z,,2024-08-31T18:15:34.556Z,,,
fetch-ai,fet,Artificial Superintelligence Alliance,https://coin-images.coingecko.com/coins/images/5681/large/ASI.png?1719827289,1.17,2956140392,33,3084580919,309035617,1.24,1.12,0.053129,4.73974,147238736.0,5.24186,2521012371.0,2630547141.0,2630547141.0,3.45,-66.09353,2024-03-28T17:21:18.050Z,0.00816959,14235.84036,2020-03-13T02:24:18.347Z,,2024-08-31T18:15:38.264Z,12.541687391780034,usd,1254.1687391780035
ethena-usde,usde,Ethena USDe,https://coin-images.coingecko.com/coins/images/33613/large/USDE.png?1716355685,0.998506,2834360725,34,2834360725,21756828,1.0,0.997468,-0.000736664765313089,-0.07372,-6665608.914473534,-0.23462,2838577461.30467,2838577461.30467,,1.032,-3.16268,2023-12-20T15:38:34.596Z,0.965354,3.53097,2024-04-13T20:11:19.603Z,,2024-08-31T18:15:37.341Z,,,
first-digital-usd,fdusd,First Digital USD,https://coin-images.coingecko.com/coins/images/31079/large/firstfigital.jpeg?1696529912,1.001,2803611682,35,2803611682,2089550791,1.015,0.995175,-0.002279760317352775,-0.2272,-2887038.789229393,-0.10287,2799054880.66,2799054880.66,,1.089,-7.9894,2024-05-20T19:42:15.377Z,0.942129,6.31083,2023-08-17T21:55:41.478Z,,2024-08-31T18:15:38.428Z,,,
stellar,xlm,Stellar,https://coin-images.coingecko.com/coins/images/100/large/Stellar_symbol_black_RGB.png?1696501482,0.092282,2724473645,36,4616403987,30657496,0.093603,0.092009,-0.000127279490343621,-0.13774,1769354.0,0.06499,29509668374.916,50001786946.5427,50001786946.5427,0.875563,-89.4584,2018-01-03T00:00:00.000Z,0.00047612,19285.38605,2015-03-05T00:00:00.000Z,,2024-08-31T18:15:34.160Z,,,
ethereum-classic,etc,Ethereum Classic,https://coin-images.coingecko.com/coins/images/453/large/ethereum-classic-logo.png?1696501717,18.32,2722092158,37,3860869832,72459854,18.63,18.23,0.02852448,0.15598,5704090.0,0.20999,148553264.603875,210700000.0,210700000.0,167.09,-89.04999,2021-05-06T18:34:22.133Z,0.615038,2874.75426,2016-07-25T00:00:00.000Z,,2024-08-31T18:15:37.640Z,39.70172791189182,usd,3970.172791189182
blockstack,stx,Stacks,https://coin-images.coingecko.com/coins/images/2069/large/Stacks_Logo_png.png?1709979332,1.53,2266001377,38,2775701593,23633285,1.58,1.52,-0.007817141148843243,-0.5093,-8809602.072600365,-0.38727,1484161883.11866,1818000000.0,1818000000.0,3.86,-60.56515,2024-04-01T12:34:58.342Z,0.04559639,3242.12743,2020-03-13T02:29:26.415Z,,2024-08-31T18:15:36.875Z,11.7255812497226,usd,1172.55812497226
okb,okb,OKB,https://coin-images.coingecko.com/coins/images/4463/large/WeChat_Image_20220118095654.png?1696505053,36.69,2201980289,39,8659569534,2331195,36.94,36.47,0.204253,0.55974,13598812.0,0.62141,60000000.0,235957685.3,300000000.0,73.8,-50.21095,2024-03-14T00:30:12.502Z,0.580608,6228.88064,2019-01-14T00:00:00.000Z,,2024-08-31T18:15:41.029Z,,,
crypto-com-chain,cro,Cronos,https://coin-images.coingecko.com/coins/images/7310/large/cro_token_logo.png?1696507599,0.080263,2160080871,40,2407726211,3144007,0.081689,0.080218,-8.4487580500114e-05,-0.10515,6818440.0,0.31666,26914366690.888,30000000000.0,,0.965407,-91.67964,2021-11-24T15:53:54.855Z,0.0121196,562.77269,2019-02-08T00:00:00.000Z,,2024-08-31T18:15:37.062Z,,,
immutable-x,imx,Immutable,https://coin-images.coingecko.com/coins/images/17233/large/immutableX-symbol-BLK-RGB.png?1696516787,1.35,2119107994,41,2694652284,74613550,1.5,1.34,-0.011035741502997356,-0.81282,-12040531.069434404,-0.56498,1572824817.3898141,2000000000.0,2000000000.0,9.52,-85.89076,2021-11-26T01:03:01.536Z,0.378055,255.29,2022-12-31T07:36:37.649Z,,2024-08-31T18:15:39.149Z,,,
filecoin,fil,Filecoin,https://coin-images.coingecko.com/coins/images/12817/large/filecoin.png?1696512609,3.57,2078229964,42,6993475737,111371704,3.67,3.54,0.00878199,0.24669,8421028.0,0.40685,582445573.0,1959994348.0,1959994348.0,236.84,-98.50001,2021-04-01T13:29:41.564Z,2.64,34.51792,2022-12-16T22:45:28.552Z,,2024-08-31T18:15:38.008Z,,,
sui,sui,Sui,https://coin-images.coingecko.com/coins/images/26375/large/sui_asset.jpeg?1696525453,0.797099,2069191895,44,7970428537,144827501,0.835623,0.787253,-0.005570362212646063,-0.69398,-12714124.690148592,-0.6107,2596086126.65889,10000000000.0,10000000000.0,2.17,-63.50166,2024-03-27T17:46:02.608Z,0.364846,117.18821,2023-10-19T10:40:30.078Z,,2024-08-31T18:15:37.063Z,,,
bittensor,tao,Bittensor,https://coin-images.coingecko.com/coins/images/28452/large/ARUsPeNQ_400x400.jpeg?1696527447,282.49,2063136884,43,5926898172,59922141,292.15,276.3,6.19,2.24137,57364766.0,2.85998,7310042.0,21000000.0,21000000.0,757.6,-62.73718,2024-03-07T18:45:36.466Z,30.83,815.68358,2023-05-14T08:57:53.732Z,,2024-08-31T18:15:36.650Z,,,
render-token,render,Render,https://coin-images.coingecko.com/coins/images/11636/large/rndr.png?1696511529,5.03,1973112634,46,2675765632,77240653,5.33,4.99,-0.08922526742734682,-1.7439,-31427164.831692934,-1.5678,392459381.455492,532219654.735492,,13.53,-63.01125,2024-03-17T16:30:24.636Z,0.03665669,13557.29937,2020-06-16T13:22:25.900Z,,2024-08-31T18:15:41.708Z,,,
mantle,mnt,Mantle,https://coin-images.coingecko.com/coins/images/30980/large/token-logo.png?1696529819,0.601735,1966134896,45,3743069569,55792259,0.612337,0.595543,0.00619191,1.03971,37063310.0,1.9213,3266841707.83684,6219316794.99,6219316794.99,1.54,-60.84545,2024-04-08T09:45:25.482Z,0.307978,95.62345,2023-10-18T02:50:46.942Z,,2024-08-31T18:15:40.002Z,,,
aave,aave,Aave,https://coin-images.coingecko.com/coins/images/12645/large/aave-token-round.png?1720472354,130.14,1942690853,47,2082473693,291342368,133.32,123.0,7.13,5.79863,112169178.0,6.12772,14926024.636912005,16000000.0,16000000.0,661.69,-80.38974,2021-05-18T21:19:59.514Z,26.02,398.62958,2020-11-05T09:20:11.928Z,,2024-08-31T18:15:34.923Z,,,
hedera-hashgraph,hbar,Hedera,https://coin-images.coingecko.com/coins/images/3688/large/hbar.png?1696504364,0.04991019,1791222910,48,2496373217,23304027,0.051671,0.04963256,-0.000614855713942847,-1.21693,-19758178.754722357,-1.09102,35876504721.7183,50000000000.0,50000000000.0,0.569229,-91.24872,2021-09-15T10:40:28.318Z,0.00986111,405.16415,2020-01-02T17:30:24.852Z,,2024-08-31T18:15:38.801Z,,,
arbitrum,arb,Arbitrum,https://coin-images.coingecko.com/coins/images/16547/large/arb.jpg?1721358242,0.511219,1783208787,49,5100523112,105056244,0.518112,0.503015,0.00820427,1.63102,31449247.0,1.79529,3496129217.0,10000000000.0,10000000000.0,2.39,-78.65649,2024-01-12T12:29:59.231Z,0.431578,18.21058,2024-08-05T11:35:54.024Z,,2024-08-31T18:15:34.382Z,,,
cosmos,atom,Cosmos Hub,https://coin-images.coingecko.com/coins/images/1481/large/cosmos_hub.png?1696502525,4.55,1772137556,50,1773233734,104777461,4.68,4.52,-0.009976290266864751,-0.21893,-279306.7636985779,-0.01576,390688369.813272,390930035.085365,,44.45,-89.78709,2022-01-17T00:34:41.497Z,1.16,291.31107,2020-03-13T02:27:44.591Z,,2024-08-31T18:15:37.034Z,44.46880364220908,usd,4446.880364220908
vechain,vet,VeChain,https://coin-images.coingecko.com/coins/images/1167/large/VET_Token_Icon.png?1710013505,0.02177268,1762921242,51,1871763641,13367450,0.02246619,0.0216672,-2.2721256953562e-05,-0.10425,-493931.84175539017,-0.02801,80985041177.0,85985041177.0,86712634466.0,0.280991,-92.25392,2021-04-19T01:08:21.675Z,0.00191713,1035.32958,2020-03-13T02:29:59.652Z,,2024-08-31T18:15:33.926Z,2.0419222967482966,eth,204.19222967482966
optimism,op,Optimism,https://coin-images.coingecko.com/coins/images/25244/large/Optimism.png?1696524385,1.43,1692574891,52,6121232264,129235509,1.48,1.41,0.01103161,0.78003,14585091.0,0.8692,1187596466.0,4294967296.0,4294967296.0,4.84,-70.6165,2024-03-06T08:35:50.817Z,0.402159,253.94635,2022-06-18T20:54:52.178Z,,2024-08-31T18:15:31.428Z,,,
injective-protocol,inj,Injective,https://coin-images.coingecko.com/coins/images/12882/large/Secondary_Symbol.png?1696512670,17.26,1685104107,53,1724293464,51484992,17.6,17.08,0.02086887,0.12105,2796725.0,0.16624,97727222.33,100000000.0,,52.62,-67.38001,2024-03-14T15:06:22.124Z,0.657401,2511.01809,2020-11-03T16:19:30.576Z,,2024-08-31T18:15:39.233Z,,,
maker,mkr,Maker,https://coin-images.coingecko.com/coins/images/1364/large/Mark_Maker.png?1696502423,1756.65,1634176712,54,1716857100,47677348,1777.88,1748.52,7.96,0.45496,10893976.0,0.67111,930550.290918776,977631.036950888,1005577.0,6292.31,-72.14074,2021-05-03T21:54:29.333Z,168.36,941.23164,2020-03-16T20:52:36.527Z,,2024-08-31T18:15:39.993Z,,,
whitebit,wbt,WhiteBIT Coin,https://coin-images.coingecko.com/coins/images/27045/large/wbt_token.png?1696526096,10.86,1564876866,55,3757076463,3929148,10.9,10.78,0.063045,0.584,9219274.0,0.59263,144118517.10815412,346010795.0,400000000.0,14.64,-25.79079,2022-10-28T12:32:18.119Z,3.06,254.95308,2023-02-13T19:01:21.899Z,,2024-08-31T18:15:33.307Z,,,
binance-peg-weth,weth,Binance-Peg WETH,https://coin-images.coingecko.com/coins/images/39580/large/weth.png?1723006716,2505.37,1514917562,56,1514917562,20108939,2531.9,2473.09,32.28,1.30512,24320287.0,1.63158,604999.999959841,604999.999959841,,2808.56,-10.69097,2024-08-24T16:52:46.091Z,2322.58,7.99647,2024-08-08T00:37:09.529Z,,2024-08-31T18:15:36.260Z,,,
dogwifcoin,wif,dogwifhat,https://coin-images.coingecko.com/coins/images/33566/large/dogwifhat.jpg?1702499428,1.52,1510318872,57,1510318872,251921527,1.56,1.48,0.03461864,2.33694,34463195.0,2.33513,998926392.0,998926392.0,998926392.0,4.83,-68.67645,2024-03-31T09:34:58.366Z,0.00155464,97125.50499,2023-12-13T07:13:50.873Z,,2024-08-31T18:15:38.579Z,,,
arweave,ar,Arweave,https://coin-images.coingecko.com/coins/images/4343/large/oRt6SiEN_400x400.jpg?1696504946,21.55,1410750986,58,1410750986,29255684,22.12,21.3,0.119328,0.5568,9578077.0,0.68358,65454185.5381511,65454185.5381511,66000000.0,89.24,-75.94987,2021-11-05T04:14:42.689Z,0.298788,7082.74621,2020-01-31T06:47:36.543Z,,2024-08-31T18:15:34.181Z,28.12225256082262,usd,2812.225256082262
rocket-pool-eth,reth,Rocket Pool ETH,https://coin-images.coingecko.com/coins/images/20764/large/reth.png?1696520159,2801.7,1386856133,59,1386856133,1982087,2833.79,2766.41,35.29,1.27562,20858801.0,1.527,495202.127038493,495202.127038493,,4814.31,-41.84788,2021-12-01T08:03:50.749Z,887.26,215.5346,2022-06-18T20:55:45.957Z,,2024-08-31T18:15:31.748Z,,,
the-graph,grt,The Graph,https://coin-images.coingecko.com/coins/images/13397/large/Graph_Token.png?1696513159,0.145421,1384223274,60,1563906098,27780497,0.148773,0.143798,0.00162262,1.1284,18231226.0,1.33465,9548531509.16547,10788004319.0,10788004319.0,2.84,-94.90392,2021-02-12T07:28:45.775Z,0.052051,178.19873,2022-11-22T10:05:03.503Z,,2024-08-31T18:15:33.240Z,,,
bitget-token,bgb,Bitget Token,https://coin-images.coingecko.com/coins/images/11610/large/icon_colour.png?1696511504,0.982805,1375519554,61,1965026530,26348049,0.996434,0.978475,0.00270349,0.27584,3884189.0,0.28318,1400001000.0,2000000000.0,2000000000.0,1.48,-33.64561,2024-06-01T03:50:55.951Z,0.0142795,6773.8569,2020-06-25T04:17:05.895Z,,2024-08-31T18:15:36.546Z,,,
thorchain,rune,THORChain,https://coin-images.coingecko.com/coins/images/6595/large/Rune200x200.png?1696506946,3.9,1306725832,62,1612846868,158071472,4.07,3.88,-0.1009231563788826,-2.52383,-31888465.47610545,-2.3822,335247817.0,413784880.0,500000000.0,20.87,-81.34741,2021-05-19T00:30:09.436Z,0.00851264,45624.25961,2019-09-28T00:00:00.000Z,,2024-08-31T18:15:33.369Z,101.57592450104892,usd,10157.592450104892
mantle-staked-ether,meth,Mantle Staked Ether,https://coin-images.coingecko.com/coins/images/33345/large/symbol_transparent_bg.png?1701697066,2604.84,1265170806,63,1265170806,5062509,2642.04,2585.33,19.51,0.75463,11582874.0,0.92398,485586.421255022,485586.421255022,,4729.53,-44.88705,2024-03-27T05:26:27.333Z,2142.02,21.68824,2023-12-18T10:41:32.686Z,,2024-08-31T18:15:40.663Z,,,
floki,floki,FLOKI,https://coin-images.coingecko.com/coins/images/16746/large/PNG_image.png?1696516318,0.00012547,1215002624,64,1253837024,240573953,0.0001307,0.00012488,4.33874e-07,0.34699,5096934.0,0.42127,9690275539034.0,10000000000000.0,10000000000000.0,0.00034495,-63.67385,2024-06-05T07:25:59.137Z,8.428e-08,148579.5443,2021-07-06T01:11:20.438Z,,2024-08-31T18:15:38.983Z,,,
bonk,bonk,Bonk,https://coin-images.coingecko.com/coins/images/28600/large/bonk.jpg?1696527587,1.732e-05,1199748030,65,1615094977,76291208,1.794e-05,1.717e-05,-1.02220997561e-07,-0.58678,-2684022.715390682,-0.22322,69474461693558.484,93526183276778.0,93526183276778.0,4.547e-05,-61.97556,2024-03-04T17:05:29.594Z,8.6142e-08,19971.45357,2022-12-29T22:48:46.755Z,,2024-08-31T18:15:36.253Z,,,
theta-token,theta,Theta Network,https://coin-images.coingecko.com/coins/images/2538/large/theta-token-logo.png?1696503349,1.2,1197947411,68,1197947411,12727291,1.23,1.18,-0.006857162169514375,-0.56908,-4945121.262491941,-0.4111,1000000000.0,1000000000.0,1000000000.0,15.72,-92.42463,2021-04-16T13:15:11.190Z,0.04039979,2847.60749,2020-03-13T02:24:16.483Z,,2024-08-31T18:15:33.586Z,6.987269989458554,usd,698.7269989458554
fantom,ftm,Fantom,https://coin-images.coingecko.com/coins/images/4001/large/Fantom_round.png?1696504642,0.426865,1197201518,66,1355780992,128925912,0.432825,0.420329,0.00471856,1.11775,13669446.0,1.15497,2803634835.52659,3175000000.0,3175000000.0,3.46,-87.73053,2021-10-28T05:19:39.845Z,0.00190227,22207.49004,2020-03-13T02:25:38.280Z,,2024-08-31T18:15:37.830Z,13.228821384177543,usd,1322.8821384177543
helium,hnt,Helium,https://coin-images.coingecko.com/coins/images/4284/large/Helium_HNT.png?1696504894,7.06,1194730892,67,1573993693,22029975,7.33,6.76,0.301206,4.45485,53001947.0,4.64225,169266871.961454,223000000.0,223000000.0,54.88,-87.14069,2021-11-12T23:08:25.301Z,0.113248,6131.30477,2020-04-18T00:19:10.902Z,,2024-08-31T18:15:39.067Z,,,
solv-btc,solvbtc,Solv Protocol SolvBTC,https://coin-images.coingecko.com/coins/images/36800/large/solvBTC.png?1719810684,59027.0,1131380075,69,1131380075,957758,59437.0,58448.0,440.16,0.7513,40529312.0,3.71539,19167.1856738387,19167.1856738387,21000000.0,70898.0,-16.77354,2024-06-05T16:15:24.629Z,49058.0,20.27789,2024-08-05T06:28:45.311Z,,2024-08-31T18:14:30.060Z,,,
algorand,algo,Algorand,https://coin-images.coingecko.com/coins/images/4380/large/download.png?1696504978,0.124287,1022552733,70,1022552744,36313589,0.128867,0.123538,-0.000832631427671357,-0.66547,-4723873.70792985,-0.45984,8227598736.94678,8227598830.48457,10000000000.0,3.56,-96.52277,2019-06-20T14:51:19.480Z,0.087513,41.49743,2023-09-11T19:42:08.247Z,,2024-08-31T18:15:34.013Z,-0.948213853323383,usd,-94.82138533233831
jupiter-exchange-solana,jup,Jupiter,https://coin-images.coingecko.com/coins/images/34188/large/jup.png?1704266489,0.742633,1003307040,71,7431904001,60277673,0.765206,0.737493,-0.004474346508084537,-0.59889,-3782660.320091009,-0.3756,1350000000.0,10000000000.0,10000000000.0,2.0,-62.88475,2024-01-31T15:02:47.304Z,0.457464,62.26628,2024-02-21T18:31:05.083Z,,2024-08-31T18:15:39.751Z,,,
kucoin-shares,kcs,KuCoin,https://coin-images.coingecko.com/coins/images/1047/large/sa9z79.png?1696502152,8.29,978632806,72,1186019993,69327,8.44,8.26,0.0218388,0.26405,5834071.0,0.59972,117971705.288477,142971705.288477,,28.83,-71.23709,2021-12-01T15:09:35.541Z,0.342863,2318.54994,2019-02-07T00:00:00.000Z,,2024-08-31T18:15:40.332Z,,,
gatechain-token,gt,Gate,https://coin-images.coingecko.com/coins/images/8183/large/gate.png?1696508395,7.47,974371118,73,2242351606,664631,7.5,7.42,0.03809468,0.51233,7938796.0,0.82145,130359277.55886991,300000000.0,,12.94,-42.18127,2021-05-12T11:39:16.531Z,0.25754,2805.49521,2020-03-13T02:18:02.481Z,,2024-08-31T18:15:38.704Z,,,
pyth-network,pyth,Pyth Network,https://coin-images.coingecko.com/coins/images/31924/large/pyth.png?1701245725,0.269603,974360617,74,2687899654,18828692,0.279022,0.267834,-0.001036188956444084,-0.38287,-4329643.5669721365,-0.44239,3624988810.73971,10000000000.0,10000000000.0,1.2,-77.46749,2024-03-16T07:01:15.357Z,0.22352,20.60288,2024-08-05T11:30:50.894Z,,2024-08-31T18:15:41.250Z,,,
sei-network,sei,Sei,https://coin-images.coingecko.com/coins/images/28205/large/Sei_Logo_-_Transparent.png?1696527207,0.285705,942910457,75,2857304414,87981497,0.298232,0.282185,-0.004133217541632206,-1.42604,-12786336.15764141,-1.33791,3300000000.0,10000000000.0,,1.14,-75.05462,2024-03-16T02:30:23.904Z,0.095364,198.12895,2023-10-19T08:05:30.655Z,,2024-08-31T18:15:32.017Z,,,
renzo-restaked-eth,ezeth,Renzo Restaked ETH,https://coin-images.coingecko.com/coins/images/34753/large/Ezeth_logo_circle.png?1713496404,2548.79,942544719,76,943444835,14177166,2576.21,2513.58,35.2,1.40058,-12920383.469106317,-1.35226,369908.119029052,370261.375931644,,4106.74,-37.86821,2024-03-12T00:44:29.429Z,2198.04,16.08492,2024-01-26T08:09:59.848Z,,2024-08-31T18:15:41.527Z,,,
lido-dao,ldo,Lido DAO,https://coin-images.coingecko.com/coins/images/13573/large/Lido_DAO.png?1696513326,1.049,939766750,77,1049685621,68894483,1.074,1.042,0.00455365,0.43598,6417421.0,0.68757,895284007.681059,1000000000.0,1000000000.0,7.3,-85.6789,2021-08-20T08:35:20.158Z,0.40615,157.50396,2022-06-18T20:55:12.035Z,,2024-08-31T18:15:40.316Z,,,
paypal-usd,pyusd,PayPal USD,https://coin-images.coingecko.com/coins/images/31212/large/PYUSD_Logo_%282%29.png?1696530039,0.999391,925969310,78,925969310,3034040,1.002,0.996795,-0.001458220015611911,-0.1457,-55551239.07142663,-5.65971,926499659.606369,926499659.606369,,1.021,-1.93938,2023-10-23T22:44:57.056Z,0.972731,2.90008,2024-01-03T12:05:24.231Z,,2024-08-31T18:15:37.890Z,,,
jasmycoin,jasmy,JasmyCoin,https://coin-images.coingecko.com/coins/images/13876/large/JASMY200x200.jpg?1696513620,0.01898787,919200933,79,949195512,50606708,0.01972771,0.01880494,1.128e-05,0.05946,2750220.0,0.30009,48419999999.3058,50000000000.0,50000000000.0,4.79,-99.60626,2021-02-16T03:53:32.207Z,0.00275026,585.76669,2022-12-29T20:41:09.113Z,,2024-08-31T18:15:39.569Z,,,
quant-network,qnt,Quant,https://coin-images.coingecko.com/coins/images/3370/large/5ZOu7brX_400x400.jpg?1696504070,62.95,915661224,80,919962264,11631010,64.65,62.72,0.055528,0.08829,1913345.0,0.2094,14544176.164091088,14612493.0,14612493.0,427.42,-85.28208,2021-09-11T09:15:00.668Z,0.215773,29054.51487,2018-08-23T00:00:00.000Z,,2024-08-31T18:15:41.353Z,9.806133266300671,eth,980.6133266300671
celestia,tia,Celestia,https://coin-images.coingecko.com/coins/images/31967/large/tia.jpg?1696530772,4.43,915555926,81,4698383068,59251278,4.62,4.38,0.04411112,1.00534,7906246.0,0.87107,207892842.818255,1066849315.06825,,20.85,-78.80594,2024-02-10T14:30:02.495Z,2.08,112.10202,2023-10-31T15:14:31.951Z,,2024-08-31T18:15:37.711Z,,,
ondo-finance,ondo,Ondo,https://coin-images.coingecko.com/coins/images/26580/large/ONDO.png?1696525656,0.630107,909531440,82,6299720603,34019803,0.655401,0.625366,-0.004978197351698911,-0.78386,-5489608.925778627,-0.59994,1443764727.588207,10000000000.0,10000000000.0,1.48,-57.47451,2024-06-03T08:29:55.744Z,0.082171,665.29142,2024-01-18T12:14:30.524Z,,2024-08-31T18:15:40.972Z,,,
ronin-bridged-weth-ronin,weth,Ronin Bridged WETH (Ronin),https://coin-images.coingecko.com/coins/images/39716/large/WETH.PNG?1723731945,2509.99,905406464,83,905406464,446038,2539.44,2471.88,38.11,1.54171,13830942.0,1.55129,360699.586558314,360699.586558314,,2807.8,-10.5284,2024-08-24T17:07:47.789Z,2425.31,3.58214,2024-08-28T01:46:06.015Z,,2024-08-31T18:15:32.502Z,,,
coredaoorg,core,Core,https://coin-images.coingecko.com/coins/images/28938/large/file_589.jpg?1701868471,0.943306,854298723,84,1977129265,32273020,0.998616,0.939142,-0.03616581720319345,-3.69238,-30201931.55972135,-3.41457,907389996.599299,2100000000.0,2100000000.0,6.14,-84.64373,2023-02-08T12:55:39.828Z,0.334237,182.26444,2023-11-03T01:20:55.441Z,,2024-08-31T18:15:36.574Z,,,
ether-fi-staked-eth,eeth,ether.fi Staked ETH,https://coin-images.coingecko.com/coins/images/33049/large/ether.fi_eETH.png?1700473063,2502.12,854146016,85,4920758038,38377,2534.95,2472.5,29.62,1.19812,-38527549.57200992,-4.31597,341326.4131134812,1966390.59271054,,5307.23,-52.7603,2024-08-06T16:16:30.007Z,2155.76,16.2988,2024-02-08T11:26:30.368Z,,2024-08-31T18:15:39.578Z,,,
flow,flow,Flow,https://coin-images.coingecko.com/coins/images/13446/large/5f6294c0c7a8cda55cb1c936_Flow_Wordmark.png?1696513210,0.557868,852598864,86,852598864,19798113,0.561645,0.542451,0.01541671,2.84205,23246663.0,2.80299,1528897406.12668,1528897406.12668,,42.4,-98.69016,2021-04-05T13:49:10.098Z,0.391969,41.67807,2023-09-11T19:41:06.528Z,,2024-08-31T18:15:38.723Z,,,
notcoin,not,Notcoin,https://coin-images.coingecko.com/coins/images/33453/large/rFmThDiD_400x400.jpg?1701876350,0.00825205,845289014,87,845289014,106025947,0.00846691,0.00807641,0.00017564,2.17473,18203347.0,2.2009,102474435128.208,102474435128.208,102719221714.0,0.02836145,-70.97517,2024-06-02T18:00:38.587Z,0.00461057,78.54346,2024-05-24T07:12:14.147Z,,2024-08-31T18:15:40.720Z,,,
bitcoin-cash-sv,bsv,Bitcoin SV,https://coin-images.coingecko.com/coins/images/6799/large/BSV.png?1696507128,42.31,835539054,88,888411432,9198634,43.17,42.02,-0.028060565066226673,-0.06628,-79751.53495848179,-0.00954,19750218.75,21000000.0,21000000.0,489.75,-91.38193,2021-04-16T17:09:04.630Z,21.43,96.9087,2023-06-10T04:32:12.266Z,,2024-08-31T18:15:36.003Z,,,
klay-token,klay,Klaytn,https://coin-images.coingecko.com/coins/images/9672/large/klaytn.png?1696509742,0.141504,821908565,89,822097023,36128765,0.145868,0.138176,-0.00269603111652389,-1.86965,-14658498.392548203,-1.75222,5806693656.94806,5808025090.68808,,4.34,-96.75234,2021-03-30T03:44:28.828Z,0.06044,133.14677,2020-04-29T08:19:34.574Z,,2024-08-31T18:15:12.015Z,,,
bittorrent,btt,BitTorrent,https://coin-images.coingecko.com/coins/images/22457/large/btt_logo.png?1696521780,8.48624e-07,821680323,90,840140997,21453747,8.71696e-07,8.42848e-07,5.067e-09,0.60064,2205624.0,0.26915,968246428571000.0,990000000000000.0,990000000000000.0,3.43e-06,-75.28106,2022-01-21T04:00:31.909Z,3.65368e-07,132.14714,2023-10-13T05:10:41.241Z,,2024-08-31T18:15:36.599Z,,,
based-brett,brett,Brett,https://coin-images.coingecko.com/coins/images/35529/large/1000050750.png?1709031995,0.080464,796740655,91,796740655,11650080,0.082245,0.080033,0.00018219,0.22693,2929854.0,0.36909,9910172747.16677,9910172747.17597,9999998988.0,0.193328,-58.27762,2024-06-09T12:55:51.835Z,0.00084753,9417.2123,2024-02-29T08:40:24.951Z,,2024-08-31T18:15:34.123Z,,,
elrond-erd-2,egld,MultiversX,https://coin-images.coingecko.com/coins/images/12335/large/egld-token-logo.png?1696512162,28.92,791685995,92,791835090,19593832,30.55,28.55,0.340881,1.19292,10297527.0,1.31785,27356769.0,27361921.0,31415926.0,545.64,-94.70855,2021-11-23T10:33:26.737Z,6.51,343.73369,2020-10-07T01:44:53.554Z,,2024-08-31T18:15:37.277Z,,,
fasttoken,ftn,Fasttoken,https://coin-images.coingecko.com/coins/images/28478/large/lightenicon_200x200.png?1696527472,2.42,788440332,93,2134219333,67112531,2.43,2.4,0.01120375,0.46447,4504786.0,0.57464,325096620.37373453,880000000.0,1000000000.0,2.6,-6.62592,2024-08-27T18:23:15.020Z,0.398142,508.59334,2023-01-21T10:15:39.503Z,,2024-08-31T18:15:38.741Z,,,
mantra-dao,om,MANTRA,https://coin-images.coingecko.com/coins/images/12151/large/OM_Token.png?1696511991,0.907306,765318216,94,806823079,15688017,0.947697,0.900832,0.00158964,0.17551,1797903.0,0.23548,843162368.65,888888888.0,888888888.0,1.41,-36.00165,2024-07-21T23:11:14.036Z,0.01726188,5141.99123,2023-10-12T17:25:09.068Z,,2024-08-31T18:15:40.381Z,,,
beam-2,beam,Beam,https://coin-images.coingecko.com/coins/images/32417/large/chain-logo.png?1698114384,0.01477741,755160933,95,920683015,20743946,0.01607877,0.01469052,-0.000562570016918059,-3.66735,-26157545.40801394,-3.34787,51209507703.0,62434008330.0,62434008330.0,0.04416304,-66.58848,2024-03-10T10:40:22.381Z,0.0043383,240.12259,2023-10-29T08:20:14.064Z,,2024-08-31T18:15:36.205Z,,,
usdd,usdd,USDD,https://coin-images.coingecko.com/coins/images/25380/large/UUSD.jpg?1696524513,0.999333,752883138,96,752883138,1451975,1.004,0.997258,-0.001623607545160555,-0.16221,-758138.3638045788,-0.1006,753143489.943277,753143489.943277,,1.052,-4.90138,2023-10-23T22:45:25.398Z,0.928067,7.77945,2022-06-19T16:15:11.558Z,,2024-08-31T18:15:33.284Z,,,
flare-networks,flr,Flare,https://coin-images.coingecko.com/coins/images/28624/large/FLR-icon200x200.png?1696527609,0.01611768,748609456,97,1651343999,3656681,0.01623738,0.01588397,8.265e-05,0.51541,4734737.0,0.6365,46457513327.8185,102479784658.01,,0.150073,-89.26514,2023-01-10T03:14:05.921Z,0.00827405,94.70655,2023-10-19T03:35:41.663Z,,2024-08-31T18:14:22.592Z,,,
gala,gala,GALA,https://coin-images.coingecko.com/coins/images/12493/large/GALA_token_image_-_200PNG.png?1709725869,0.01908278,732045092,98,732046976,84845522,0.02015394,0.01891963,-0.000549802704999762,-2.80046,-19149261.711804748,-2.54918,38317553595.7356,38317652163.8643,50000000000.0,0.824837,-97.69364,2021-11-26T01:03:48.731Z,0.00013475,14017.82273,2020-12-28T08:46:48.367Z,,2024-08-31T18:15:39.355Z,,,
eos,eos,EOS,https://coin-images.coingecko.com/coins/images/738/large/eos-eos-logo.png?1696501893,0.482048,728940520,99,1012611563,53464837,0.490382,0.479114,-0.00018838599153348,-0.03907,39232.0,0.00538,1511710066.0114,2100000000.0,2100000000.0,22.71,-97.88081,2018-04-29T07:50:33.540Z,0.408029,17.95619,2024-08-05T06:45:13.453Z,,2024-08-31T18:15:38.095Z,-0.5130831979362708,usd,-51.30831979362708
axie-infinity,axs,Axie Infinity,https://coin-images.coingecko.com/coins/images/13029/large/axie_infinity_logo.png?1696512817,4.72,704951835,100,1275711110,18315359,4.83,4.7,0.0219727,0.46749,3819722.0,0.54479,149200703.7667,270000000.0,270000000.0,164.9,-97.14537,2021-11-06T19:29:29.482Z,0.123718,3704.7969,2020-11-06T08:05:43.662Z,,2024-08-31T18:15:34.722Z,,,
